<?xml version="1.0" encoding="utf-8"?>
<extension type="module" version="2.5.0" method="upgrade">

		<name>mod_homework4</name>  		
		<creationDate>November 2013</creationDate>
		<author>Bevza_Sergey</author>
		<authorEmail>bevza_s@ukr.net</authorEmail>		
                <version>0.0.1</version>        
                <description>MOD_HOMEWORK4_XML_DESCRIPTION</description>
 
		
        <files>
		<filename module="mod_homework4">mod_homework4.php</filename>
		<folder>tmpl</folder>
		<filename>helper.php</filename>
		<filename>index.html</filename>
		<filename>mod_homework4.xml</filename>
	</files>
	
	<config>
		<fields name="params">
			<fieldset name="basic">
			     <field name="mycategory" type="category" extension="com_content" label="Выбор категории" description=""></field>
                <field name="myintegeralue" type="integer" default="" label="Выбор статтей" description="" first="1" last="15" step="1"></field>
                        </fieldset>

             </fields>
      </config>
</extension>
